Nome,Citta,Indirizzo,Telefono,Email,Categoria,Motivo,Recensioni,Demo URL,WhatsApp link,Email link,Inviato,Lat,Lon
I Boccardi Barber Club,Brescia,"Via degli Armaiuoli 13, Brescia",+39 327 8338070,,SENZA SITO,,0,https://mirondavide.com/parrucchieri/bergamo/i-boccardi-barber-club/,https://wa.me/393278338070?text=Buongiorno%2C%20mi%20chiamo%20Davide%20e%20mi%20occupo%20di%20siti%20web%20per%20attivit%C3%A0%20locali.%0A%0AHo%20creato%20un%20sito%20da%20zero%20per%20I%20Boccardi%20Barber%3A%0Ahttps%3A//mirondavide.com/parrucchieri/bergamo/i-boccardi-barber-club/%0A%0ASe%20le%20interessa%2C%20possiamo%20sentirci%2010%20minuti%20%E2%80%94%20anche%20al%20telefono%20o%20passo%20di%20persona.%0A%0AUn%20saluto%2C%0ADavide%20%E2%80%94%20379%20210%206196,,,45.5563152,10.1974838
Nadia Hair,Brescia,"Via Giovan Battista Melzi 30, Brescia",+39 347 5055910,,SENZA SITO,,0,https://mirondavide.com/parrucchieri/bergamo/nadia-hair/,https://wa.me/393475055910?text=Buongiorno%2C%20mi%20chiamo%20Davide%20e%20mi%20occupo%20di%20siti%20web%20per%20attivit%C3%A0%20locali.%0A%0AHo%20creato%20un%20sito%20da%20zero%20per%20Nadia%20Hair%3A%0Ahttps%3A//mirondavide.com/parrucchieri/bergamo/nadia-hair/%0A%0ASe%20le%20interessa%2C%20possiamo%20sentirci%2010%20minuti%20%E2%80%94%20anche%20al%20telefono%20o%20passo%20di%20persona.%0A%0AUn%20saluto%2C%0ADavide%20%E2%80%94%20379%20210%206196,,,45.5701579,10.2208897
Noir,Bergamo,"Via Giacomo Quarenghi 1b, Bergamo",+39 375 805 6950,,SENZA SITO,,0,https://mirondavide.com/parrucchieri/bergamo/noir/,https://wa.me/393758056950?text=Buongiorno%2C%20mi%20chiamo%20Davide%20e%20mi%20occupo%20di%20siti%20web%20per%20attivit%C3%A0%20locali.%0A%0AHo%20creato%20un%20sito%20da%20zero%20per%20Noir%3A%0Ahttps%3A//mirondavide.com/parrucchieri/bergamo/noir/%0A%0ASe%20le%20interessa%2C%20possiamo%20sentirci%2010%20minuti%20%E2%80%94%20anche%20al%20telefono%20o%20passo%20di%20persona.%0A%0AUn%20saluto%2C%0ADavide%20%E2%80%94%20379%20210%206196,,,45.6921573,9.6654289
Denny Parrucchieri,Bergamo,Bergamo,+39 339 1140792,,SENZA SITO,,0,https://mirondavide.com/parrucchieri/bergamo/denny-parrucchieri/,https://wa.me/393391140792?text=Buongiorno%2C%20mi%20chiamo%20Davide%20e%20mi%20occupo%20di%20siti%20web%20per%20attivit%C3%A0%20locali.%0A%0AHo%20creato%20un%20sito%20da%20zero%20per%20Denny%20Parrucchieri%3A%0Ahttps%3A//mirondavide.com/parrucchieri/bergamo/denny-parrucchieri/%0A%0ASe%20le%20interessa%2C%20possiamo%20sentirci%2010%20minuti%20%E2%80%94%20anche%20al%20telefono%20o%20passo%20di%20persona.%0A%0AUn%20saluto%2C%0ADavide%20%E2%80%94%20379%20210%206196,,,45.5660598,10.2225462
Parrucchiere Lin,Bergamo,"Via Borgo Palazzo 68, Bergamo",+39 351 970 0000,,SENZA SITO,,0,https://mirondavide.com/parrucchieri/bergamo/parrucchiere-lin/,https://wa.me/393519700000?text=Buongiorno%2C%20mi%20chiamo%20Davide%20e%20mi%20occupo%20di%20siti%20web%20per%20attivit%C3%A0%20locali.%0A%0AHo%20creato%20un%20sito%20da%20zero%20per%20Lin%3A%0Ahttps%3A//mirondavide.com/parrucchieri/bergamo/parrucchiere-lin/%0A%0ASe%20le%20interessa%2C%20possiamo%20sentirci%2010%20minuti%20%E2%80%94%20anche%20al%20telefono%20o%20passo%20di%20persona.%0A%0AUn%20saluto%2C%0ADavide%20%E2%80%94%20379%20210%206196,,,45.6961355,9.6832601
Il Parrucchiere Walter,Brescia,"Via Enrico Tazzoli 16, Brescia",+39 339 6131454,,SENZA SITO,,0,https://mirondavide.com/parrucchieri/bergamo/il-parrucchiere-walter/,https://wa.me/393396131454?text=Buongiorno%2C%20mi%20chiamo%20Davide%20e%20mi%20occupo%20di%20siti%20web%20per%20attivit%C3%A0%20locali.%0A%0AHo%20creato%20un%20sito%20da%20zero%20per%20Il%20Parrucchiere%20Walter%3A%0Ahttps%3A//mirondavide.com/parrucchieri/bergamo/il-parrucchiere-walter/%0A%0ASe%20le%20interessa%2C%20possiamo%20sentirci%2010%20minuti%20%E2%80%94%20anche%20al%20telefono%20o%20passo%20di%20persona.%0A%0AUn%20saluto%2C%0ADavide%20%E2%80%94%20379%20210%206196,,,45.5451133,10.2288782
Acconciature Claudia,Borno,"Via Piana 1, Borno",+39 346 6755095,,SENZA SITO,,0,https://mirondavide.com/parrucchieri/bergamo/acconciature-claudia/,https://wa.me/393466755095?text=Buongiorno%2C%20mi%20chiamo%20Davide%20e%20mi%20occupo%20di%20siti%20web%20per%20attivit%C3%A0%20locali.%0A%0AHo%20creato%20un%20sito%20da%20zero%20per%20Acconciature%20Claudia%3A%0Ahttps%3A//mirondavide.com/parrucchieri/bergamo/acconciature-claudia/%0A%0ASe%20le%20interessa%2C%20possiamo%20sentirci%2010%20minuti%20%E2%80%94%20anche%20al%20telefono%20o%20passo%20di%20persona.%0A%0AUn%20saluto%2C%0ADavide%20%E2%80%94%20379%20210%206196,,,45.9475487,10.2051719
Barbe e capelli da Marco & Nadia,Caravaggio,"Via Bianchi 5, Caravaggio",+39 391 431 0525,,SENZA SITO,,0,https://mirondavide.com/parrucchieri/bergamo/barbe-e-capelli-da-marco-nadia/,https://wa.me/393914310525?text=Buongiorno%2C%20mi%20chiamo%20Davide%20e%20mi%20occupo%20di%20siti%20web%20per%20attivit%C3%A0%20locali.%0A%0AHo%20creato%20un%20sito%20da%20zero%20per%20Barbe%20e%20capelli%3A%0Ahttps%3A//mirondavide.com/parrucchieri/bergamo/barbe-e-capelli-da-marco-nadia/%0A%0ASe%20le%20interessa%2C%20possiamo%20sentirci%2010%20minuti%20%E2%80%94%20anche%20al%20telefono%20o%20passo%20di%20persona.%0A%0AUn%20saluto%2C%0ADavide%20%E2%80%94%20379%20210%206196,,,45.4959433,9.6421834
Area Gold Parrucchieri,Bergamo,"Via Leonida Bissolati 17, Bergamo",+39 338 449 0967,,SENZA SITO,,0,https://mirondavide.com/parrucchieri/bergamo/area-gold-parrucchieri/,https://wa.me/393384490967?text=Buongiorno%2C%20mi%20chiamo%20Davide%20e%20mi%20occupo%20di%20siti%20web%20per%20attivit%C3%A0%20locali.%0A%0AHo%20creato%20un%20sito%20da%20zero%20per%20Area%20Gold%20Parrucchieri%3A%0Ahttps%3A//mirondavide.com/parrucchieri/bergamo/area-gold-parrucchieri/%0A%0ASe%20le%20interessa%2C%20possiamo%20sentirci%2010%20minuti%20%E2%80%94%20anche%20al%20telefono%20o%20passo%20di%20persona.%0A%0AUn%20saluto%2C%0ADavide%20%E2%80%94%20379%20210%206196,,,45.5201201,10.2319348
Extreme Hair,Endine Gaiano,"Via Del Tonale E Della Mendola 88, Endine Gaiano",+393457718741,,SENZA SITO,,0,https://mirondavide.com/parrucchieri/bergamo/extreme-hair/,https://wa.me/393457718741?text=Buongiorno%2C%20mi%20chiamo%20Davide%20e%20mi%20occupo%20di%20siti%20web%20per%20attivit%C3%A0%20locali.%0A%0AHo%20creato%20un%20sito%20da%20zero%20per%20Extreme%20Hair%3A%0Ahttps%3A//mirondavide.com/parrucchieri/bergamo/extreme-hair/%0A%0ASe%20le%20interessa%2C%20possiamo%20sentirci%2010%20minuti%20%E2%80%94%20anche%20al%20telefono%20o%20passo%20di%20persona.%0A%0AUn%20saluto%2C%0ADavide%20%E2%80%94%20379%20210%206196,,,45.7903755,9.9784869
Nuovi Orizzonti Acconciature,Bergamo,Bergamo,+39 334 2451484,,SENZA SITO,,0,https://mirondavide.com/parrucchieri/bergamo/nuovi-orizzonti-acconciature/,https://wa.me/393342451484?text=Buongiorno%2C%20mi%20chiamo%20Davide%20e%20mi%20occupo%20di%20siti%20web%20per%20attivit%C3%A0%20locali.%0A%0AHo%20creato%20un%20sito%20da%20zero%20per%20Nuovi%20Orizzonti%20Acconciature%3A%0Ahttps%3A//mirondavide.com/parrucchieri/bergamo/nuovi-orizzonti-acconciature/%0A%0ASe%20le%20interessa%2C%20possiamo%20sentirci%2010%20minuti%20%E2%80%94%20anche%20al%20telefono%20o%20passo%20di%20persona.%0A%0AUn%20saluto%2C%0ADavide%20%E2%80%94%20379%20210%206196,,,45.6581167,10.2410924
Immagine uomo,Bergamo,Bergamo,+39 392 405 5201,,SENZA SITO,,0,https://mirondavide.com/parrucchieri/bergamo/immagine-uomo/,https://wa.me/393924055201?text=Buongiorno%2C%20mi%20chiamo%20Davide%20e%20mi%20occupo%20di%20siti%20web%20per%20attivit%C3%A0%20locali.%0A%0AHo%20creato%20un%20sito%20da%20zero%20per%20Immagine%20uomo%3A%0Ahttps%3A//mirondavide.com/parrucchieri/bergamo/immagine-uomo/%0A%0ASe%20le%20interessa%2C%20possiamo%20sentirci%2010%20minuti%20%E2%80%94%20anche%20al%20telefono%20o%20passo%20di%20persona.%0A%0AUn%20saluto%2C%0ADavide%20%E2%80%94%20379%20210%206196,,,45.4986391,9.6411042
Officina del Capello by Ronald,Brescia,"Via Triumplina 125a, Brescia",+39 339 8179326,,SENZA SITO,,0,https://mirondavide.com/parrucchieri/bergamo/officina-del-capello-by-ronald/,https://wa.me/393398179326?text=Buongiorno%2C%20mi%20chiamo%20Davide%20e%20mi%20occupo%20di%20siti%20web%20per%20attivit%C3%A0%20locali.%0A%0AHo%20creato%20un%20sito%20da%20zero%20per%20del%20Capello%20by%3A%0Ahttps%3A//mirondavide.com/parrucchieri/bergamo/officina-del-capello-by-ronald/%0A%0ASe%20le%20interessa%2C%20possiamo%20sentirci%2010%20minuti%20%E2%80%94%20anche%20al%20telefono%20o%20passo%20di%20persona.%0A%0AUn%20saluto%2C%0ADavide%20%E2%80%94%20379%20210%206196,,,45.5734209,10.2307673
Acconciature Attilio,Fiorano Al Serio,"Via Papa Giovanni Ventitreesimo 1, Fiorano Al Serio",+39 333 779 4050,,SENZA SITO,,0,https://mirondavide.com/parrucchieri/bergamo/acconciature-attilio/,https://wa.me/393337794050?text=Buongiorno%2C%20mi%20chiamo%20Davide%20e%20mi%20occupo%20di%20siti%20web%20per%20attivit%C3%A0%20locali.%0A%0AHo%20creato%20un%20sito%20da%20zero%20per%20Acconciature%20Attilio%3A%0Ahttps%3A//mirondavide.com/parrucchieri/bergamo/acconciature-attilio/%0A%0ASe%20le%20interessa%2C%20possiamo%20sentirci%2010%20minuti%20%E2%80%94%20anche%20al%20telefono%20o%20passo%20di%20persona.%0A%0AUn%20saluto%2C%0ADavide%20%E2%80%94%20379%20210%206196,,,45.7990207,9.8396
BEARDMAN - Barber shop,Bergamo,"Via del Brasile 31, Bergamo",+39 334 2596800,,SENZA SITO,,0,https://mirondavide.com/parrucchieri/bergamo/beardman-barber-shop/,https://wa.me/393342596800?text=Buongiorno%2C%20mi%20chiamo%20Davide%20e%20mi%20occupo%20di%20siti%20web%20per%20attivit%C3%A0%20locali.%0A%0AHo%20creato%20un%20sito%20da%20zero%20per%20BEARDMAN%20Barber%20shop%3A%0Ahttps%3A//mirondavide.com/parrucchieri/bergamo/beardman-barber-shop/%0A%0ASe%20le%20interessa%2C%20possiamo%20sentirci%2010%20minuti%20%E2%80%94%20anche%20al%20telefono%20o%20passo%20di%20persona.%0A%0AUn%20saluto%2C%0ADavide%20%E2%80%94%20379%20210%206196,,,45.5239246,10.2303229
Said il barbiere,Bergamo,"Via della Volta 5D, Bergamo",+39 320 7572427,,SENZA SITO,,0,https://mirondavide.com/parrucchieri/bergamo/said-il-barbiere/,https://wa.me/393207572427?text=Buongiorno%2C%20mi%20chiamo%20Davide%20e%20mi%20occupo%20di%20siti%20web%20per%20attivit%C3%A0%20locali.%0A%0AHo%20creato%20un%20sito%20da%20zero%20per%20Said%20il%20barbiere%3A%0Ahttps%3A//mirondavide.com/parrucchieri/bergamo/said-il-barbiere/%0A%0ASe%20le%20interessa%2C%20possiamo%20sentirci%2010%20minuti%20%E2%80%94%20anche%20al%20telefono%20o%20passo%20di%20persona.%0A%0AUn%20saluto%2C%0ADavide%20%E2%80%94%20379%20210%206196,,,45.5190709,10.2253871
Il Barbiere in Ferrari,Bergamo,"Villaggio Ferrari 25C, Bergamo",+39 328 1289036,,SENZA SITO,,0,https://mirondavide.com/parrucchieri/bergamo/il-barbiere-in-ferrari/,https://wa.me/393281289036?text=Buongiorno%2C%20mi%20chiamo%20Davide%20e%20mi%20occupo%20di%20siti%20web%20per%20attivit%C3%A0%20locali.%0A%0AHo%20creato%20un%20sito%20da%20zero%20per%20Il%20Barbiere%20in%3A%0Ahttps%3A//mirondavide.com/parrucchieri/bergamo/il-barbiere-in-ferrari/%0A%0ASe%20le%20interessa%2C%20possiamo%20sentirci%2010%20minuti%20%E2%80%94%20anche%20al%20telefono%20o%20passo%20di%20persona.%0A%0AUn%20saluto%2C%0ADavide%20%E2%80%94%20379%20210%206196,,,45.5229418,10.2279412
Boss di Shadeem m parrucchieri,Bergamo,"Via Alessandro Lamarmora 304, Bergamo",+39 351 0013730,,SENZA SITO,,0,https://mirondavide.com/parrucchieri/bergamo/boss-di-shadeem-m-parrucchieri/,https://wa.me/393510013730?text=Buongiorno%2C%20mi%20chiamo%20Davide%20e%20mi%20occupo%20di%20siti%20web%20per%20attivit%C3%A0%20locali.%0A%0AHo%20creato%20un%20sito%20da%20zero%20per%20Boss%20di%20Shadeem%3A%0Ahttps%3A//mirondavide.com/parrucchieri/bergamo/boss-di-shadeem-m-parrucchieri/%0A%0ASe%20le%20interessa%2C%20possiamo%20sentirci%2010%20minuti%20%E2%80%94%20anche%20al%20telefono%20o%20passo%20di%20persona.%0A%0AUn%20saluto%2C%0ADavide%20%E2%80%94%20379%20210%206196,,,45.5183625,10.2226766
BARBIERE HEMA,Bergamo,"Via Spalto san Marco 13, Bergamo",+39 320 7510034,,SENZA SITO,,0,https://mirondavide.com/parrucchieri/bergamo/barbiere-hema/,https://wa.me/393207510034?text=Buongiorno%2C%20mi%20chiamo%20Davide%20e%20mi%20occupo%20di%20siti%20web%20per%20attivit%C3%A0%20locali.%0A%0AHo%20creato%20un%20sito%20da%20zero%20per%20HEMA%3A%0Ahttps%3A//mirondavide.com/parrucchieri/bergamo/barbiere-hema/%0A%0ASe%20le%20interessa%2C%20possiamo%20sentirci%2010%20minuti%20%E2%80%94%20anche%20al%20telefono%20o%20passo%20di%20persona.%0A%0AUn%20saluto%2C%0ADavide%20%E2%80%94%20379%20210%206196,,,45.5332056,10.223997
ZOOM Hair Salon,Bergamo,"Viale della stazione 16A, Bergamo",+39 366 307 4115,,SENZA SITO,,0,https://mirondavide.com/parrucchieri/bergamo/zoom-hair-salon/,https://wa.me/393663074115?text=Buongiorno%2C%20mi%20chiamo%20Davide%20e%20mi%20occupo%20di%20siti%20web%20per%20attivit%C3%A0%20locali.%0A%0AHo%20creato%20un%20sito%20da%20zero%20per%20ZOOM%20Hair%20Salon%3A%0Ahttps%3A//mirondavide.com/parrucchieri/bergamo/zoom-hair-salon/%0A%0ASe%20le%20interessa%2C%20possiamo%20sentirci%2010%20minuti%20%E2%80%94%20anche%20al%20telefono%20o%20passo%20di%20persona.%0A%0AUn%20saluto%2C%0ADavide%20%E2%80%94%20379%20210%206196,,,45.5333339,10.2112369
Rachid Barber Shop,Bergamo,"Via Solferino 8f, Bergamo",+39 324 799 7434,,SENZA SITO,,0,https://mirondavide.com/parrucchieri/bergamo/rachid-barber-shop/,https://wa.me/393247997434?text=Buongiorno%2C%20mi%20chiamo%20Davide%20e%20mi%20occupo%20di%20siti%20web%20per%20attivit%C3%A0%20locali.%0A%0AHo%20creato%20un%20sito%20da%20zero%20per%20Rachid%20Barber%20Shop%3A%0Ahttps%3A//mirondavide.com/parrucchieri/bergamo/rachid-barber-shop/%0A%0ASe%20le%20interessa%2C%20possiamo%20sentirci%2010%20minuti%20%E2%80%94%20anche%20al%20telefono%20o%20passo%20di%20persona.%0A%0AUn%20saluto%2C%0ADavide%20%E2%80%94%20379%20210%206196,,,45.5330491,10.215825
Tonoli,Bergamo,"Via Angelo Inganni 13, Bergamo",+39 342 092 5561,,SENZA SITO,,0,https://mirondavide.com/parrucchieri/bergamo/tonoli/,https://wa.me/393420925561?text=Buongiorno%2C%20mi%20chiamo%20Davide%20e%20mi%20occupo%20di%20siti%20web%20per%20attivit%C3%A0%20locali.%0A%0AHo%20creato%20un%20sito%20da%20zero%20per%20Tonoli%3A%0Ahttps%3A//mirondavide.com/parrucchieri/bergamo/tonoli/%0A%0ASe%20le%20interessa%2C%20possiamo%20sentirci%2010%20minuti%20%E2%80%94%20anche%20al%20telefono%20o%20passo%20di%20persona.%0A%0AUn%20saluto%2C%0ADavide%20%E2%80%94%20379%20210%206196,,,45.5312372,10.2298625
Hairmony Salon,Corte Franca,"Via Roma 5/a, Corte Franca",+393791847068,,SENZA SITO,,0,https://mirondavide.com/parrucchieri/bergamo/hairmony-salon/,https://wa.me/393791847068?text=Buongiorno%2C%20mi%20chiamo%20Davide%20e%20mi%20occupo%20di%20siti%20web%20per%20attivit%C3%A0%20locali.%0A%0AHo%20creato%20un%20sito%20da%20zero%20per%20Hairmony%20Salon%3A%0Ahttps%3A//mirondavide.com/parrucchieri/bergamo/hairmony-salon/%0A%0ASe%20le%20interessa%2C%20possiamo%20sentirci%2010%20minuti%20%E2%80%94%20anche%20al%20telefono%20o%20passo%20di%20persona.%0A%0AUn%20saluto%2C%0ADavide%20%E2%80%94%20379%20210%206196,,,45.6312539,10.0080269
Piero e Mino,Vertova,"Via Fogeroli 8, Vertova",+39 3311205057,,SENZA SITO,,0,https://mirondavide.com/parrucchieri/bergamo/piero-e-mino/,https://wa.me/393311205057?text=Buongiorno%2C%20mi%20chiamo%20Davide%20e%20mi%20occupo%20di%20siti%20web%20per%20attivit%C3%A0%20locali.%0A%0AHo%20creato%20un%20sito%20da%20zero%20per%20Piero%20e%20Mino%3A%0Ahttps%3A//mirondavide.com/parrucchieri/bergamo/piero-e-mino/%0A%0ASe%20le%20interessa%2C%20possiamo%20sentirci%2010%20minuti%20%E2%80%94%20anche%20al%20telefono%20o%20passo%20di%20persona.%0A%0AUn%20saluto%2C%0ADavide%20%E2%80%94%20379%20210%206196,,,45.8079458,9.8498597
The Salon,Bergamo,Bergamo,+39 392 006 0061,,SENZA SITO,,0,https://mirondavide.com/parrucchieri/bergamo/the-salon/,https://wa.me/393920060061?text=Buongiorno%2C%20mi%20chiamo%20Davide%20e%20mi%20occupo%20di%20siti%20web%20per%20attivit%C3%A0%20locali.%0A%0AHo%20creato%20un%20sito%20da%20zero%20per%20The%20Salon%3A%0Ahttps%3A//mirondavide.com/parrucchieri/bergamo/the-salon/%0A%0ASe%20le%20interessa%2C%20possiamo%20sentirci%2010%20minuti%20%E2%80%94%20anche%20al%20telefono%20o%20passo%20di%20persona.%0A%0AUn%20saluto%2C%0ADavide%20%E2%80%94%20379%20210%206196,,,45.5688789,10.2314076
HairMaison,Concesio,"Via Giuseppe Zanardelli 72, Concesio",+39 3514435399,,SENZA SITO,,0,https://mirondavide.com/parrucchieri/bergamo/hairmaison/,https://wa.me/393514435399?text=Buongiorno%2C%20mi%20chiamo%20Davide%20e%20mi%20occupo%20di%20siti%20web%20per%20attivit%C3%A0%20locali.%0A%0AHo%20creato%20un%20sito%20da%20zero%20per%20HairMaison%3A%0Ahttps%3A//mirondavide.com/parrucchieri/bergamo/hairmaison/%0A%0ASe%20le%20interessa%2C%20possiamo%20sentirci%2010%20minuti%20%E2%80%94%20anche%20al%20telefono%20o%20passo%20di%20persona.%0A%0AUn%20saluto%2C%0ADavide%20%E2%80%94%20379%20210%206196,,,45.5878619,10.2245962
Evoluzione,Brescia,"Via Renato Serra 10, Brescia",+39 339 174 9802,,SENZA SITO,,0,https://mirondavide.com/parrucchieri/bergamo/evoluzione/,https://wa.me/393391749802?text=Buongiorno%2C%20mi%20chiamo%20Davide%20e%20mi%20occupo%20di%20siti%20web%20per%20attivit%C3%A0%20locali.%0A%0AHo%20creato%20un%20sito%20da%20zero%20per%20Evoluzione%3A%0Ahttps%3A//mirondavide.com/parrucchieri/bergamo/evoluzione/%0A%0ASe%20le%20interessa%2C%20possiamo%20sentirci%2010%20minuti%20%E2%80%94%20anche%20al%20telefono%20o%20passo%20di%20persona.%0A%0AUn%20saluto%2C%0ADavide%20%E2%80%94%20379%20210%206196,,,45.5548993,10.2229175
Man Hairstyle,Palosco,"Via Locatelli 14, Palosco",+393312932904,,SENZA SITO,,0,https://mirondavide.com/parrucchieri/bergamo/man-hairstyle/,https://wa.me/393312932904?text=Buongiorno%2C%20mi%20chiamo%20Davide%20e%20mi%20occupo%20di%20siti%20web%20per%20attivit%C3%A0%20locali.%0A%0AHo%20creato%20un%20sito%20da%20zero%20per%20Man%20Hairstyle%3A%0Ahttps%3A//mirondavide.com/parrucchieri/bergamo/man-hairstyle/%0A%0ASe%20le%20interessa%2C%20possiamo%20sentirci%2010%20minuti%20%E2%80%94%20anche%20al%20telefono%20o%20passo%20di%20persona.%0A%0AUn%20saluto%2C%0ADavide%20%E2%80%94%20379%20210%206196,,,45.584777,9.8358972
